sentence,human_label,gpt_label,final_human_label
Changing room for hot springs,no,yes,no
The parts of the Australian mainland that are classed BW in the Köppen–Geiger climate classification system.,no,yes,no
It looks like a corner is missng on the structure.,no,yes,no
Guesthouse,no,yes,no
"Electricity supports Weipa bauxite mine, processing facilities and the township located on the western side of the Cape York Peninsula in Queensland, Australia.",no,yes,no
Scrap metal or so?,no,yes,no
Airstrip?,no,yes,yes
"Nuclear waste, immerse by former USSR from 1966 to 1989",no,yes,no
playa,no,yes,yes
Former site of the Holy Name Retreat House; was owned/operated by the Catholic Diocese of Green Bay.,no,yes,no
Great place to swim.,no,yes,no
Free activity covered area,no,yes,yes
Abandoned,no,yes,no
abandoned,no,yes,no
Possible that structure no longer exists.,no,yes,no
braided channels,no,yes,no
created building,no,yes,no
Ran into coral reef in 2010,no,yes,no
track and soccer field?,no,yes,yes
"This is the tallest part of the VAB, and according to JAXA is ""The VAB is 81 meters high, 64 meters wide, and 34.5 meters depth.""",no,yes,no
out building next to house,no,yes,yes
building for WYSEF,no,yes,yes
Makgadikgadi Pans are the largest salt flat complex in the world.,no,yes,yes
"Romantics and families alike find action and fun at Carmel Valley Ranch, California’s premier resort.",no,yes,yes
Discover a premium selection of 15 signature bars and restaurants.,no,yes,no
"In 2019, Baralaba SS was one of the first schools in the state to open its State Delivered Kindergarten program - a significant milestone for the state schooling system.",no,yes,no
We are thrilled to be able to welcome you to our Homestead at Lotus Creek.,no,yes,no
Welcome baby into the world at John Flynn Private Hospital.,no,yes,no
"We are pleased to welcome you and your child to the Injune P-10 State School, a Prep to Year 10 campus with caring staff, quality amenities and situated in a welcoming, rural environment.",no,yes,no
"DAY 1 – arrived, unpacked, geared up and on the lake by 3pm.",no,yes,no
You will take a 2hr scenic journey to a sleepy town called Gansbaai.,yes,no,no
We take precautions to work-safety and workers’ health and to prevent fires when the processing wood.,yes,no,no
"Town under republic jurisdiction in Sakha Republic, Russia",no,yes,yes
"Selo in Sakha Republic, Russia",no,yes,yes
It was founded in 1981 and is part of the Wet Tropics of Queensland .,no,yes,no
The airport received its first passenger flight on 24 September 2021.,no,yes,yes
The main village is Tuihana.,no,yes,yes
"Construction started in June 2006 with a total investment of 236 million yuan, and the airport was opened in June 2008.",no,yes,yes
The islands have no permanent human inhabitants.,yes,no,yes
It covers an area of 985.4 km .,yes,no,no
Atiati marks the southwestern boundary of the atoll and is east of Mangarongaro .,yes,no,yes
It has almost 900 people living on 70 km .,yes,no,yes